{
  "flight": [
    {
      "name": "Mindtree Airine 748",
      "airlineNumber": "PQ001",
      "from": "Bangalore",
      "destination": "Delhi",
      "price": 2500,
      "takeOffTime": "11:25 am",
      "landingTime": "2:15 pm",
      "totalSeats": 60,
      "type": "Domestic",
      "date": "Thu Oct 27 2019"
    },
    {
      "name": "Mindtree Airine 100",
      "airlineNumber": "PQ002",
      "from": "Kolkata",
      "destination": "Jaipur",
      "price": 5200,
      "takeOffTime": "11:30 am",
      "landingTime": "3:10 pm",
      "totalSeats": 60,
      "type": "Domestic",
      "date": "Thu Oct 24 2019"
    },
    {
      "name": "Mindtree Airine 122",
      "airlineNumber": "PQ003",
      "from": "Delhi",
      "destination": "Jaipur",
      "price": 4800,
      "takeOffTime": "2:30 pm",
      "landingTime": "3:50 pm",
      "totalSeats": 60,
      "type": "Domestic",
      "date": "Thu Nov 21 2019"
    },
    {
      "name": "Mindtree Airine 007",
      "airlineNumber": "PQ004",
      "from": "Delhi",
      "destination": "Dubai",
      "price": 26700,
      "takeOffTime": "2:30 pm",
      "landingTime": "7:50 pm",
      "totalSeats": 60,
      "type": "International",
      "date": "Thu Nov 05 2019"
    },
    {
      "name": "Mindtree Airine 008",
      "airlineNumber": "PQ005",
      "from": "Bangalore",
      "destination": "Kolkata",
      "price": "5100",
      "takeOffTime": "2:30 pm",
      "landingTime": "7:50 pm",
      "totalSeats": 60,
      "type": "Domestic",
      "date": "Thu Nov 21 2019"
    }
  ],
  "PQ001": [
    {
      "Image": "https://randomuser.me/api/portraits/women/1.jpg",
      "PNR": "1",
      "age": "2",
      "contactNumber": "9811954290",
      "firstName": "Dolores",
      "id": 1,
      "infants": false,
      "lastName": "Worden",
      "luggage": "25kg",
      "meal": "Veg",
      "payPerView": "Bollywood",
      "seatNo": "C8"
    },
    {
      "id": 2,
      "firstName": "William",
      "lastName": "Volonte",
      "age": 27,
      "contactNumber": 9811954293,
      "infants": true,
      "wheelChair": true,
      "PNR": "PQ001XY02",
      "seatNo": "E10",
      "Image": "https://randomuser.me/api/portraits/women/2.jpg",
      "meal": "Non-Veg",
      "luggage": "15kg",
      "payPerView": "Bollywood"
    },
    {
      "id": 3,
      "firstName": "Lyda",
      "lastName": "Pead",
      "age": 38,
      "contactNumber": 9811954215,
      "infants": false,
      "wheelChair": false,
      "PNR": "PQ001XY03",
      "seatNo": "C2",
      "Image": "https://randomuser.me/api/portraits/women/3.jpg",
      "meal": "Non-Veg",
      "luggage": "15kg",
      "payPerView": "Bollywood"
    },
    {
      "id": 4,
      "firstName": "Bambi",
      "lastName": "Mussared",
      "age": 17,
      "contactNumber": 9811954217,
      "infants": true,
      "wheelChair": false,
      "PNR": "PQ001XY04",
      "seatNo": "C1",
      "Image": "https://randomuser.me/api/portraits/women/5.jpg",
      "meal": "Veg",
      "luggage": "40kg",
      "payPerView": "Bollywood"
    },
    {
      "id": 5,
      "firstName": "Alison",
      "lastName": "McGuffie",
      "age": 1,
      "contactNumber": 9811954258,
      "infants": true,
      "wheelChair": true,
      "PNR": "PQ001XY05",
      "seatNo": "A1",
      "Image": "https://randomuser.me/api/portraits/women/6.jpg",
      "luggage": "25kg",
      "meal": "Non-Veg",
      "payPerView": "Bollywood"
    },
    {
      "id": 6,
      "firstName": "Harlie",
      "lastName": "Boucher",
      "age": 12,
      "contactNumber": 9811954254,
      "infants": true,
      "wheelChair": true,
      "PNR": "PQ001XY06",
      "seatNo": "D1",
      "Image": "https://randomuser.me/api/portraits/women/7.jpg",
      "luggage": "40kg",
      "meal": "Veg",
      "payPerView": "Bollywood"
    },
    {
      "id": 7,
      "firstName": "Cly",
      "lastName": "Withrington",
      "age": 40,
      "contactNumber": 9811954258,
      "infants": false,
      "wheelChair": false,
      "PNR": "PQ001XY07",
      "seatNo": "D5",
      "Image": "https://randomuser.me/api/portraits/women/8.jpg",
      "luggage": "25kg",
      "meal": "Veg",
      "payPerView": "Tollywood"
    },
    {
      "id": 8,
      "firstName": "Carlita",
      "lastName": "Izzard",
      "age": 39,
      "contactNumber": 9811954268,
      "infants": false,
      "wheelChair": false,
      "PNR": "PQ001XY08",
      "seatNo": "D6",
      "Image": "https://randomuser.me/api/portraits/women/9.jpg",
      "luggage": "25kg",
      "payPerView": "Hollywood"
    },
    {
      "id": 9,
      "firstName": "Ruperta",
      "lastName": "Keniwell",
      "age": 21,
      "contactNumber": 9811954271,
      "infants": false,
      "wheelChair": false,
      "PNR": "PQ001XY09",
      "seatNo": "A6",
      "Image": "https://randomuser.me/api/portraits/women/10.jpg",
      "luggage": "25kg",
      "meal": "Veg"
    },
    {
      "id": 10,
      "firstName": "Xever",
      "lastName": "Blanque",
      "age": 10,
      "contactNumber": 9811954247,
      "infants": false,
      "wheelChair": true,
      "PNR": "PQ001XY10",
      "seatNo": "A2",
      "Image": "https://randomuser.me/api/portraits/women/11.jpg",
      "meal": "Veg",
      "payPerView": "Hollywood"
    },
    {
      "id": 11,
      "firstName": "Ebeneser",
      "lastName": "Disney",
      "age": 18,
      "contactNumber": 9811954288,
      "infants": true,
      "wheelChair": true,
      "PNR": "PQ001XY11",
      "seatNo": "B1",
      "Image": "https://randomuser.me/api/portraits/women/12.jpg",
      "luggage": "25kg",
      "meal": "Veg",
      "payPerView": "Hollywood"
    },
    {
      "id": 12,
      "firstName": "Roldan",
      "lastName": "Francino",
      "age": 24,
      "contactNumber": 9811954228,
      "infants": false,
      "wheelChair": false,
      "PNR": "PQ001XY12",
      "seatNo": "B6",
      "Image": "https://randomuser.me/api/portraits/women/13.jpg",
      "luggage": "40kg",
      "meal": "Non-Veg",
      "payPerView": "Hollywood"
    },
    {
      "id": 13,
      "firstName": "Major",
      "lastName": "Basant",
      "age": 30,
      "contactNumber": 9811954215,
      "infants": true,
      "wheelChair": false,
      "PNR": "PQ001XY13",
      "seatNo": "B3",
      "Image": "https://randomuser.me/api/portraits/women/14.jpg",
      "luggage": "40kg",
      "payPerView": "Hollywood"
    },
    {
      "id": 14,
      "firstName": "Allis",
      "lastName": "Fantin",
      "age": 34,
      "contactNumber": 9811954285,
      "infants": false,
      "wheelChair": true,
      "PNR": "PQ001XY14",
      "seatNo": "E1",
      "Image": "https://randomuser.me/api/portraits/women/15.jpg",
      "meal": "Non-Veg",
      "payPerView": "Hollywood"
    },
    {
      "id": 15,
      "firstName": "Thurston",
      "lastName": "Witherdon",
      "age": 43,
      "contactNumber": 9811954259,
      "infants": true,
      "wheelChair": false,
      "PNR": "PQ001XY15",
      "seatNo": "E3",
      "Image": "https://randomuser.me/api/portraits/women/16.jpg",
      "luggage": "40kg",
      "meal": "Non-Veg"
    },
    {
      "id": 16,
      "firstName": "Kelley",
      "lastName": "Tocher",
      "age": 28,
      "contactNumber": 9811954214,
      "infants": true,
      "wheelChair": true,
      "PNR": "PQ001XY16",
      "seatNo": "E5",
      "Image": "https://randomuser.me/api/portraits/women/17.jpg"
    },
    {
      "id": 17,
      "firstName": "Marji",
      "lastName": "Olver",
      "age": 28,
      "contactNumber": 9811954258,
      "infants": false,
      "wheelChair": true,
      "PNR": "PQ001XY17",
      "seatNo": "E6",
      "Image": "https://randomuser.me/api/portraits/women/18.jpg"
    },
    {
      "id": 18,
      "firstName": "Jacintha",
      "lastName": "Norcliff",
      "age": 19,
      "contactNumber": 9811954232,
      "infants": false,
      "wheelChair": true,
      "PNR": "PQ001XY18",
      "seatNo": "E4",
      "Image": "https://randomuser.me/api/portraits/women/19.jpg",
      "luggage": "40kg",
      "meal": "Non-Veg",
      "payPerView": "Hollywood"
    },
    {
      "id": 19,
      "firstName": "Vinny",
      "lastName": "Elvey",
      "age": 39,
      "contactNumber": 9811954296,
      "infants": false,
      "wheelChair": true,
      "PNR": "PQ001XY19",
      "seatNo": "A8",
      "Image": "https://randomuser.me/api/portraits/women/20.jpg",
      "luggage": "40kg",
      "meal": "Non-Veg",
      "payPerView": "Hollywood"
    },
    {
      "id": 20,
      "firstName": "Bari",
      "lastName": "Pren",
      "age": 45,
      "contactNumber": 9811954264,
      "infants": true,
      "wheelChair": true,
      "PNR": "PQ001XY20",
      "seatNo": "A10",
      "Image": "https://randomuser.me/api/portraits/women/21.jpg"
    },
    {
      "id": 21,
      "firstName": "Drona",
      "lastName": "Jandl",
      "age": 44,
      "contactNumber": 9811954227,
      "infants": true,
      "wheelChair": false,
      "PNR": "PQ001XY21",
      "seatNo": "F2",
      "Image": "https://randomuser.me/api/portraits/women/22.jpg",
      "luggage": "40kg",
      "meal": "Non-Veg",
      "payPerView": "Hollywood"
    },
    {
      "id": 22,
      "firstName": "Timmie",
      "lastName": "Chong",
      "age": 43,
      "contactNumber": 9811954286,
      "infants": false,
      "wheelChair": true,
      "PNR": "PQ001XY22",
      "seatNo": "D4",
      "Image": "https://randomuser.me/api/portraits/women/23.jpg"
    },
    {
      "id": 23,
      "firstName": "Elmore",
      "lastName": "Newbold",
      "age": 47,
      "contactNumber": 9811954244,
      "infants": false,
      "wheelChair": false,
      "PNR": "PQ001XY23",
      "seatNo": "D2",
      "Image": "https://randomuser.me/api/portraits/women/24.jpg",
      "luggage": "40kg",
      "meal": "Non-Veg",
      "payPerView": "Hollywood"
    },
    {
      "id": 24,
      "firstName": "Shawnee",
      "lastName": "Platt",
      "age": 34,
      "contactNumber": 9811954212,
      "infants": true,
      "wheelChair": true,
      "PNR": "PQ001XY24",
      "seatNo": "D8",
      "Image": "https://randomuser.me/api/portraits/women/25.jpg"
    },
    {
      "id": 25,
      "firstName": "Guido",
      "lastName": "Guerrin",
      "age": 47,
      "contactNumber": 9811954285,
      "infants": false,
      "wheelChair": false,
      "PNR": "PQ001XY25",
      "seatNo": "D9",
      "Image": "https://randomuser.me/api/portraits/women/26.jpg",
      "luggage": "40kg",
      "meal": "Non-Veg",
      "payPerView": "Hollywood"
    },
    {
      "id": 26,
      "firstName": "Garald",
      "lastName": "Enochsson",
      "age": 20,
      "contactNumber": 9811954257,
      "infants": true,
      "wheelChair": true,
      "PNR": "PQ001XY26",
      "seatNo": "F3",
      "Image": "https://randomuser.me/api/portraits/women/27.jpg"
    },
    {
      "id": 27,
      "firstName": "Laverne",
      "lastName": "Ambrosi",
      "age": 42,
      "contactNumber": 9811954267,
      "infants": false,
      "wheelChair": true,
      "PNR": "PQ001XY27",
      "seatNo": "F6",
      "Image": "https://randomuser.me/api/portraits/women/28.jpg",
      "luggage": "40kg",
      "meal": "Non-Veg",
      "payPerView": "Hollywood"
    },
    {
      "id": 28,
      "firstName": "Grady",
      "lastName": "Eglaise",
      "age": 30,
      "contactNumber": 9811954292,
      "infants": true,
      "wheelChair": false,
      "PNR": "PQ001XY28",
      "seatNo": "F8",
      "Image": "https://randomuser.me/api/portraits/women/29.jpg"
    },
    {
      "id": 29,
      "firstName": "Retha",
      "lastName": "Weafer",
      "age": 42,
      "contactNumber": 9811954245,
      "infants": false,
      "wheelChair": false,
      "PNR": "PQ001XY29",
      "seatNo": "F10",
      "Image": "https://randomuser.me/api/portraits/women/30.jpg",
      "luggage": "40kg",
      "meal": "Non-Veg",
      "payPerView": "Hollywood"
    },
    {
      "id": 30,
      "firstName": "Erik",
      "lastName": "Braiden",
      "age": 37,
      "contactNumber": 9811954236,
      "infants": false,
      "wheelChair": true,
      "PNR": "PQ001XY30",
      "seatNo": "C9",
      "Image": "https://randomuser.me/api/portraits/women/31.jpg",
      "luggage": "15kg",
      "meal": "Veg",
      "payPerView": "Bollywood"
    }
  ],
  "PQ002": [
    {
      "Image": "https://randomuser.me/api/portraits/women/32.jpg",
      "PNR": "PQ002XY01",
      "age": 25,
      "contactNumber": 9811954293,
      "firstName": "Dolores",
      "id": 1,
      "infants": true,
      "lastName": "Vincent",
      "luggage": "25kg",
      "meal": "Non-Veg",
      "payPerView": "Hollywood",
      "seatNo": "A1"
    },
    {
      "id": 2,
      "firstName": "William",
      "lastName": "Volonte",
      "age": 22,
      "contactNumber": 9811954203,
      "infants": true,
      "wheelChair": false,
      "PNR": "PQ002XY02",
      "seatNo": "A3",
      "Image": "https://randomuser.me/api/portraits/women/2.jpg",
      "meal": "Veg",
      "luggage": "25kg",
      "payPerView": "Bollywood"
    },
    {
      "id": 3,
      "firstName": "Lyda",
      "lastName": "Pead",
      "age": 38,
      "contactNumber": 9811954215,
      "infants": false,
      "wheelChair": false,
      "PNR": "PQ002XY03",
      "seatNo": "C2",
      "Image": "https://randomuser.me/api/portraits/women/3.jpg",
      "meal": "Non-Veg",
      "luggage": "15kg",
      "payPerView": "Bollywood"
    },
    {
      "id": 4,
      "firstName": "Bambi",
      "lastName": "Mussared",
      "age": 17,
      "contactNumber": 9811954217,
      "infants": true,
      "wheelChair": false,
      "PNR": "PQ002XY04",
      "seatNo": "C1",
      "Image": "https://randomuser.me/api/portraits/women/5.jpg",
      "meal": "Veg",
      "luggage": "40kg",
      "payPerView": "Bollywood"
    },
    {
      "id": 5,
      "firstName": "Alison",
      "lastName": "McGuffie",
      "age": 1,
      "contactNumber": 9811954258,
      "infants": true,
      "wheelChair": true,
      "PNR": "PQ002XY05",
      "seatNo": "F1",
      "Image": "https://randomuser.me/api/portraits/women/6.jpg",
      "luggage": "25kg",
      "meal": "Veg",
      "payPerView": "Hollywood"
    },
    {
      "id": 6,
      "firstName": "Harlie",
      "lastName": "Boucher",
      "age": 12,
      "contactNumber": 9811954254,
      "infants": true,
      "wheelChair": true,
      "PNR": "PQ002XY06",
      "seatNo": "D1",
      "Image": "https://randomuser.me/api/portraits/women/7.jpg",
      "luggage": "15kg",
      "meal": "Veg",
      "payPerView": "Bollywood"
    },
    {
      "id": 7,
      "firstName": "Cly",
      "lastName": "Withrington",
      "age": 40,
      "contactNumber": 9811954258,
      "infants": false,
      "wheelChair": false,
      "PNR": "PQ002XY07",
      "seatNo": "D5",
      "Image": "https://randomuser.me/api/portraits/women/8.jpg",
      "luggage": "25kg",
      "meal": "Veg",
      "payPerView": "Tollywood"
    },
    {
      "id": 8,
      "firstName": "Carlita",
      "lastName": "Izzard",
      "age": 39,
      "contactNumber": 9811954268,
      "infants": false,
      "wheelChair": false,
      "PNR": "PQ002XY08",
      "seatNo": "D6",
      "Image": "https://randomuser.me/api/portraits/women/9.jpg",
      "luggage": "25kg",
      "payPerView": "Hollywood"
    },
    {
      "id": 9,
      "firstName": "Ruperta",
      "lastName": "Keniwell",
      "age": 21,
      "contactNumber": 9811954271,
      "infants": false,
      "wheelChair": false,
      "PNR": "PQ002XY09",
      "seatNo": "A6",
      "Image": "https://randomuser.me/api/portraits/women/10.jpg",
      "luggage": "25kg",
      "meal": "Veg"
    },
    {
      "id": 10,
      "firstName": "Xever",
      "lastName": "Blanque",
      "age": 10,
      "contactNumber": 9811954247,
      "infants": false,
      "wheelChair": true,
      "PNR": "PQ002XY10",
      "seatNo": "A2",
      "Image": "https://randomuser.me/api/portraits/women/11.jpg",
      "meal": "Veg",
      "payPerView": "Hollywood"
    },
    {
      "id": 11,
      "firstName": "Ebeneser",
      "lastName": "Disney",
      "age": 18,
      "contactNumber": 9811954288,
      "infants": true,
      "wheelChair": true,
      "PNR": "PQ002XY11",
      "seatNo": "B1",
      "Image": "https://randomuser.me/api/portraits/women/12.jpg",
      "luggage": "25kg",
      "meal": "Veg",
      "payPerView": "Hollywood"
    },
    {
      "id": 12,
      "firstName": "Roldan",
      "lastName": "Francino",
      "age": 24,
      "contactNumber": 9811954228,
      "infants": false,
      "wheelChair": false,
      "PNR": "PQ002XY12",
      "seatNo": "B6",
      "Image": "https://randomuser.me/api/portraits/women/13.jpg",
      "luggage": "40kg",
      "meal": "Non-Veg",
      "payPerView": "Hollywood"
    },
    {
      "id": 13,
      "firstName": "Major",
      "lastName": "Basant",
      "age": 30,
      "contactNumber": 9811954215,
      "infants": true,
      "wheelChair": false,
      "PNR": "PQ002XY13",
      "seatNo": "B3",
      "Image": "https://randomuser.me/api/portraits/women/14.jpg",
      "luggage": "40kg",
      "payPerView": "Hollywood"
    },
    {
      "id": 14,
      "firstName": "Allis",
      "lastName": "Fantin",
      "age": 34,
      "contactNumber": 9811954285,
      "infants": false,
      "wheelChair": true,
      "PNR": "PQ002XY14",
      "seatNo": "E1",
      "Image": "https://randomuser.me/api/portraits/women/15.jpg",
      "meal": "Non-Veg",
      "payPerView": "Hollywood"
    },
    {
      "id": 15,
      "firstName": "Thurston",
      "lastName": "Witherdon",
      "age": 43,
      "contactNumber": 9811954259,
      "infants": true,
      "wheelChair": false,
      "PNR": "PQ002XY15",
      "seatNo": "E3",
      "Image": "https://randomuser.me/api/portraits/women/16.jpg",
      "luggage": "40kg",
      "meal": "Non-Veg"
    },
    {
      "id": 16,
      "firstName": "Kelley",
      "lastName": "Tocher",
      "age": 28,
      "contactNumber": 9811954214,
      "infants": true,
      "wheelChair": true,
      "PNR": "PQ002XY16",
      "seatNo": "E5",
      "Image": "https://randomuser.me/api/portraits/women/17.jpg"
    },
    {
      "id": 17,
      "firstName": "Marji",
      "lastName": "Olver",
      "age": 28,
      "contactNumber": 9811954258,
      "infants": false,
      "wheelChair": true,
      "PNR": "PQ002XY17",
      "seatNo": "E6",
      "Image": "https://randomuser.me/api/portraits/women/18.jpg"
    },
    {
      "id": 18,
      "firstName": "Jacintha",
      "lastName": "Norcliff",
      "age": 19,
      "contactNumber": 9811954232,
      "infants": false,
      "wheelChair": true,
      "PNR": "PQ002XY18",
      "seatNo": "E4",
      "Image": "https://randomuser.me/api/portraits/women/19.jpg",
      "luggage": "40kg",
      "meal": "Non-Veg",
      "payPerView": "Hollywood"
    },
    {
      "id": 19,
      "firstName": "Vinny",
      "lastName": "Elvey",
      "age": 39,
      "contactNumber": 9811954296,
      "infants": false,
      "wheelChair": true,
      "PNR": "PQ002XY19",
      "seatNo": "A8",
      "Image": "https://randomuser.me/api/portraits/women/20.jpg",
      "luggage": "40kg",
      "meal": "Non-Veg",
      "payPerView": "Hollywood"
    },
    {
      "id": 20,
      "firstName": "Bari",
      "lastName": "Pren",
      "age": 45,
      "contactNumber": 9811954264,
      "infants": true,
      "wheelChair": true,
      "PNR": "PQ002XY20",
      "seatNo": "A10",
      "Image": "https://randomuser.me/api/portraits/women/21.jpg"
    },
    {
      "id": 21,
      "firstName": "Drona",
      "lastName": "Jandl",
      "age": 44,
      "contactNumber": 9811954227,
      "infants": true,
      "wheelChair": false,
      "PNR": "PQ002XY21",
      "seatNo": "F2",
      "Image": "https://randomuser.me/api/portraits/women/22.jpg",
      "luggage": "40kg",
      "meal": "Non-Veg",
      "payPerView": "Hollywood"
    },
    {
      "id": 22,
      "firstName": "Timmie",
      "lastName": "Chong",
      "age": 43,
      "contactNumber": 9811954286,
      "infants": false,
      "wheelChair": true,
      "PNR": "PQ002XY22",
      "seatNo": "D4",
      "Image": "https://randomuser.me/api/portraits/women/23.jpg"
    },
    {
      "id": 23,
      "firstName": "Elmore",
      "lastName": "Newbold",
      "age": 47,
      "contactNumber": 9811954244,
      "infants": false,
      "wheelChair": false,
      "PNR": "PQ002XY23",
      "seatNo": "D2",
      "Image": "https://randomuser.me/api/portraits/women/24.jpg",
      "luggage": "40kg",
      "meal": "Non-Veg",
      "payPerView": "Hollywood"
    },
    {
      "id": 24,
      "firstName": "Shawnee",
      "lastName": "Platt",
      "age": 34,
      "contactNumber": 9811954212,
      "infants": true,
      "wheelChair": true,
      "PNR": "PQ002XY24",
      "seatNo": "D8",
      "Image": "https://randomuser.me/api/portraits/women/25.jpg"
    },
    {
      "id": 25,
      "firstName": "Guido",
      "lastName": "Guerrin",
      "age": 47,
      "contactNumber": 9811954285,
      "infants": false,
      "wheelChair": false,
      "PNR": "PQ002XY25",
      "seatNo": "D9",
      "Image": "https://randomuser.me/api/portraits/women/26.jpg",
      "luggage": "40kg",
      "meal": "Non-Veg",
      "payPerView": "Hollywood"
    }
  ],
  "PQ003": [
    {
      "Image": "https://randomuser.me/api/portraits/women/32.jpg",
      "PNR": "PQ003XY01",
      "age": 25,
      "contactNumber": 9811954293,
      "firstName": "Dolores",
      "id": 1,
      "infants": true,
      "lastName": "Vincent",
      "luggage": "25kg",
      "meal": "Non-Veg",
      "payPerView": "Hollywood",
      "seatNo": "A1"
    },
    {
      "id": 2,
      "firstName": "William",
      "lastName": "Volonte",
      "age": 22,
      "contactNumber": 9811954203,
      "infants": true,
      "wheelChair": false,
      "PNR": "PQ003XY02",
      "seatNo": "A3",
      "Image": "https://randomuser.me/api/portraits/women/2.jpg",
      "meal": "Veg",
      "luggage": "25kg",
      "payPerView": "Bollywood"
    },
    {
      "id": 3,
      "firstName": "Lyda",
      "lastName": "Pead",
      "age": 38,
      "contactNumber": 9811954215,
      "infants": false,
      "wheelChair": false,
      "PNR": "PQ003XY03",
      "seatNo": "C2",
      "Image": "https://randomuser.me/api/portraits/women/3.jpg",
      "meal": "Non-Veg",
      "luggage": "15kg",
      "payPerView": "Bollywood"
    },
    {
      "id": 4,
      "firstName": "Bambi",
      "lastName": "Mussared",
      "age": 17,
      "contactNumber": 9811954217,
      "infants": true,
      "wheelChair": false,
      "PNR": "PQ003XY04",
      "seatNo": "C1",
      "Image": "https://randomuser.me/api/portraits/women/5.jpg",
      "meal": "Veg",
      "luggage": "40kg",
      "payPerView": "Bollywood"
    },
    {
      "id": 5,
      "firstName": "Alison",
      "lastName": "McGuffie",
      "age": 1,
      "contactNumber": 9811954258,
      "infants": true,
      "wheelChair": true,
      "PNR": "PQ003XY05",
      "seatNo": "F1",
      "Image": "https://randomuser.me/api/portraits/women/6.jpg",
      "luggage": "25kg",
      "meal": "Veg",
      "payPerView": "Hollywood"
    },
    {
      "id": 6,
      "firstName": "Harlie",
      "lastName": "Boucher",
      "age": 12,
      "contactNumber": 9811954254,
      "infants": true,
      "wheelChair": true,
      "PNR": "PQ003XY06",
      "seatNo": "D1",
      "Image": "https://randomuser.me/api/portraits/women/7.jpg",
      "luggage": "15kg",
      "meal": "Veg",
      "payPerView": "Bollywood"
    },
    {
      "id": 7,
      "firstName": "Cly",
      "lastName": "Withrington",
      "age": 40,
      "contactNumber": 9811954258,
      "infants": false,
      "wheelChair": false,
      "PNR": "PQ003XY07",
      "seatNo": "D5",
      "Image": "https://randomuser.me/api/portraits/women/8.jpg",
      "luggage": "25kg",
      "meal": "Veg",
      "payPerView": "Tollywood"
    },
    {
      "id": 8,
      "firstName": "Carlita",
      "lastName": "Izzard",
      "age": 39,
      "contactNumber": 9811954268,
      "infants": false,
      "wheelChair": false,
      "PNR": "PQ003XY08",
      "seatNo": "D6",
      "Image": "https://randomuser.me/api/portraits/women/9.jpg",
      "luggage": "25kg",
      "payPerView": "Hollywood"
    },
    {
      "id": 9,
      "firstName": "Ruperta",
      "lastName": "Keniwell",
      "age": 21,
      "contactNumber": 9811954271,
      "infants": false,
      "wheelChair": false,
      "PNR": "PQ003XY09",
      "seatNo": "A6",
      "Image": "https://randomuser.me/api/portraits/women/10.jpg",
      "luggage": "25kg",
      "meal": "Veg"
    },
    {
      "id": 10,
      "firstName": "Xever",
      "lastName": "Blanque",
      "age": 10,
      "contactNumber": 9811954247,
      "infants": false,
      "wheelChair": true,
      "PNR": "PQ003XY10",
      "seatNo": "A2",
      "Image": "https://randomuser.me/api/portraits/women/11.jpg",
      "meal": "Veg",
      "payPerView": "Hollywood"
    },
    {
      "id": 11,
      "firstName": "Ebeneser",
      "lastName": "Disney",
      "age": 18,
      "contactNumber": 9811954288,
      "infants": true,
      "wheelChair": true,
      "PNR": "PQ003XY11",
      "seatNo": "B1",
      "Image": "https://randomuser.me/api/portraits/women/12.jpg",
      "luggage": "25kg",
      "meal": "Veg",
      "payPerView": "Hollywood"
    },
    {
      "id": 12,
      "firstName": "Roldan",
      "lastName": "Francino",
      "age": 24,
      "contactNumber": 9811954228,
      "infants": false,
      "wheelChair": false,
      "PNR": "PQ003XY12",
      "seatNo": "B6",
      "Image": "https://randomuser.me/api/portraits/women/13.jpg",
      "luggage": "40kg",
      "meal": "Non-Veg",
      "payPerView": "Hollywood"
    },
    {
      "id": 13,
      "firstName": "Major",
      "lastName": "Basant",
      "age": 30,
      "contactNumber": 9811954215,
      "infants": true,
      "wheelChair": false,
      "PNR": "PQ003XY13",
      "seatNo": "B3",
      "Image": "https://randomuser.me/api/portraits/women/14.jpg",
      "luggage": "40kg",
      "payPerView": "Hollywood"
    },
    {
      "id": 14,
      "firstName": "Allis",
      "lastName": "Fantin",
      "age": 34,
      "contactNumber": 9811954285,
      "infants": false,
      "wheelChair": true,
      "PNR": "PQ003XY14",
      "seatNo": "E1",
      "Image": "https://randomuser.me/api/portraits/women/15.jpg",
      "meal": "Non-Veg",
      "payPerView": "Hollywood"
    },
    {
      "id": 15,
      "firstName": "Thurston",
      "lastName": "Witherdon",
      "age": 43,
      "contactNumber": 9811954259,
      "infants": true,
      "wheelChair": false,
      "PNR": "PQ003XY15",
      "seatNo": "E3",
      "Image": "https://randomuser.me/api/portraits/women/16.jpg",
      "luggage": "40kg",
      "meal": "Non-Veg"
    },
    {
      "id": 16,
      "firstName": "Kelley",
      "lastName": "Tocher",
      "age": 28,
      "contactNumber": 9811954214,
      "infants": true,
      "wheelChair": true,
      "PNR": "PQ003XY16",
      "seatNo": "E5",
      "Image": "https://randomuser.me/api/portraits/women/17.jpg"
    },
    {
      "id": 17,
      "firstName": "Marji",
      "lastName": "Olver",
      "age": 28,
      "contactNumber": 9811954258,
      "infants": false,
      "wheelChair": true,
      "PNR": "PQ003XY17",
      "seatNo": "E6",
      "Image": "https://randomuser.me/api/portraits/women/18.jpg"
    }
  ],
  "PQ004": [
    {
      "Image": "https://randomuser.me/api/portraits/women/32.jpg",
      "PNR": "PQ004XY01",
      "age": 25,
      "contactNumber": 9811954293,
      "firstName": "Dolores",
      "id": 1,
      "infants": true,
      "lastName": "Vincent",
      "luggage": "25kg",
      "meal": "Non-Veg",
      "payPerView": "Hollywood",
      "seatNo": "A1"
    },
    {
      "id": 2,
      "firstName": "William",
      "lastName": "Volonte",
      "age": 22,
      "contactNumber": 9811954203,
      "infants": true,
      "wheelChair": false,
      "PNR": "PQ004XY02",
      "seatNo": "A3",
      "Image": "https://randomuser.me/api/portraits/women/32.jpg",
      "meal": "Veg",
      "luggage": "25kg",
      "payPerView": "Bollywood"
    },
    {
      "id": 3,
      "firstName": "Lyda",
      "lastName": "Pead",
      "age": 38,
      "contactNumber": 9811954215,
      "infants": false,
      "wheelChair": false,
      "PNR": "PQ004XY03",
      "seatNo": "C2",
      "Image": "https://randomuser.me/api/portraits/women/13.jpg",
      "meal": "Non-Veg",
      "luggage": "15kg",
      "payPerView": "Bollywood"
    },
    {
      "id": 4,
      "firstName": "Bambi",
      "lastName": "Mussared",
      "age": 17,
      "contactNumber": 9811954217,
      "infants": true,
      "wheelChair": false,
      "PNR": "PQ004XY04",
      "seatNo": "C1",
      "Image": "https://randomuser.me/api/portraits/women/25.jpg",
      "meal": "Veg",
      "luggage": "40kg",
      "payPerView": "Bollywood"
    },
    {
      "id": 5,
      "firstName": "Alison",
      "lastName": "McGuffie",
      "age": 1,
      "contactNumber": 9811954258,
      "infants": true,
      "wheelChair": true,
      "PNR": "PQ004XY05",
      "seatNo": "F1",
      "Image": "https://randomuser.me/api/portraits/women/36.jpg",
      "luggage": "25kg",
      "meal": "Veg",
      "payPerView": "Hollywood"
    },
    {
      "id": 6,
      "firstName": "Harlie",
      "lastName": "Boucher",
      "age": 12,
      "contactNumber": 9811954254,
      "infants": true,
      "wheelChair": true,
      "PNR": "PQ004XY06",
      "seatNo": "D1",
      "Image": "https://randomuser.me/api/portraits/women/47.jpg",
      "luggage": "15kg",
      "meal": "Veg",
      "payPerView": "Bollywood"
    },
    {
      "id": 7,
      "firstName": "Cly",
      "lastName": "Withrington",
      "age": 40,
      "contactNumber": 9811954258,
      "infants": false,
      "wheelChair": false,
      "PNR": "PQ004XY07",
      "seatNo": "D5",
      "Image": "https://randomuser.me/api/portraits/women/58.jpg",
      "luggage": "25kg",
      "meal": "Veg",
      "payPerView": "Tollywood"
    },
    {
      "id": 8,
      "firstName": "Carlita",
      "lastName": "Izzard",
      "age": 39,
      "contactNumber": 9811954268,
      "infants": false,
      "wheelChair": false,
      "PNR": "PQ004XY08",
      "seatNo": "D6",
      "Image": "https://randomuser.me/api/portraits/women/39.jpg",
      "luggage": "25kg",
      "payPerView": "Hollywood"
    },
    {
      "id": 9,
      "firstName": "Ruperta",
      "lastName": "Keniwell",
      "age": 21,
      "contactNumber": 9811954271,
      "infants": false,
      "wheelChair": false,
      "PNR": "PQ004XY09",
      "seatNo": "A6",
      "Image": "https://randomuser.me/api/portraits/women/30.jpg",
      "luggage": "25kg",
      "meal": "Veg"
    },
    {
      "id": 10,
      "firstName": "Xever",
      "lastName": "Blanque",
      "age": 10,
      "contactNumber": 9811954247,
      "infants": false,
      "wheelChair": true,
      "PNR": "PQ004XY10",
      "seatNo": "A2",
      "Image": "https://randomuser.me/api/portraits/women/31.jpg",
      "meal": "Veg",
      "payPerView": "Hollywood"
    },
    {
      "id": 11,
      "firstName": "Ebeneser",
      "lastName": "Disney",
      "age": 18,
      "contactNumber": 9811954288,
      "infants": true,
      "wheelChair": true,
      "PNR": "PQ004XY11",
      "seatNo": "B1",
      "Image": "https://randomuser.me/api/portraits/women/22.jpg",
      "luggage": "25kg",
      "meal": "Veg",
      "payPerView": "Hollywood"
    },
    {
      "id": 12,
      "firstName": "Roldan",
      "lastName": "Francino",
      "age": 24,
      "contactNumber": 9811954228,
      "infants": false,
      "wheelChair": false,
      "PNR": "PQ004XY12",
      "seatNo": "B6",
      "Image": "https://randomuser.me/api/portraits/women/23.jpg",
      "luggage": "40kg",
      "meal": "Non-Veg",
      "payPerView": "Hollywood"
    },
    {
      "id": 13,
      "firstName": "Major",
      "lastName": "Basant",
      "age": 30,
      "contactNumber": 9811954215,
      "infants": true,
      "wheelChair": false,
      "PNR": "PQ004XY13",
      "seatNo": "B3",
      "Image": "https://randomuser.me/api/portraits/women/14.jpg",
      "luggage": "40kg",
      "payPerView": "Hollywood"
    }
  ],
  "PQ005": [
    {
      "Image": "https://randomuser.me/api/portraits/women/52.jpg",
      "PNR": "PQ005XY01",
      "age": 25,
      "contactNumber": 9811954293,
      "firstName": "Dolores",
      "id": 1,
      "infants": true,
      "lastName": "Vincent",
      "luggage": "25kg",
      "meal": "Non-Veg",
      "payPerView": "Hollywood",
      "seatNo": "A1"
    },
    {
      "id": 2,
      "firstName": "William",
      "lastName": "Volonte",
      "age": 22,
      "contactNumber": 9811954203,
      "infants": true,
      "wheelChair": false,
      "PNR": "PQ005XY02",
      "seatNo": "A3",
      "Image": "https://randomuser.me/api/portraits/women/82.jpg",
      "meal": "Veg",
      "luggage": "25kg",
      "payPerView": "Bollywood"
    },
    {
      "id": 3,
      "firstName": "Lyda",
      "lastName": "Pead",
      "age": 38,
      "contactNumber": 9811954215,
      "infants": false,
      "wheelChair": false,
      "PNR": "PQ005XY03",
      "seatNo": "C2",
      "Image": "https://randomuser.me/api/portraits/women/13.jpg",
      "meal": "Non-Veg",
      "luggage": "15kg",
      "payPerView": "Bollywood"
    },
    {
      "id": 4,
      "firstName": "Bambi",
      "lastName": "Mussared",
      "age": 17,
      "contactNumber": 9811954217,
      "infants": true,
      "wheelChair": false,
      "PNR": "PQ005XY04",
      "seatNo": "C1",
      "Image": "https://randomuser.me/api/portraits/women/55.jpg",
      "meal": "Veg",
      "luggage": "40kg",
      "payPerView": "Bollywood"
    },
    {
      "id": 5,
      "firstName": "Alison",
      "lastName": "McGuffie",
      "age": 1,
      "contactNumber": 9811954258,
      "infants": true,
      "wheelChair": true,
      "PNR": "PQ005XY05",
      "seatNo": "F1",
      "Image": "https://randomuser.me/api/portraits/women/46.jpg",
      "luggage": "25kg",
      "meal": "Veg",
      "payPerView": "Hollywood"
    },
    {
      "id": 6,
      "firstName": "Harlie",
      "lastName": "Boucher",
      "age": 12,
      "contactNumber": 9811954254,
      "infants": true,
      "wheelChair": true,
      "PNR": "PQ005XY06",
      "seatNo": "D1",
      "Image": "https://randomuser.me/api/portraits/women/47.jpg",
      "luggage": "15kg",
      "meal": "Veg",
      "payPerView": "Bollywood"
    },
    {
      "id": 7,
      "firstName": "Cly",
      "lastName": "Withrington",
      "age": 40,
      "contactNumber": 9811954258,
      "infants": false,
      "wheelChair": false,
      "PNR": "PQ005XY07",
      "seatNo": "D5",
      "Image": "https://randomuser.me/api/portraits/women/48.jpg",
      "luggage": "25kg",
      "meal": "Veg",
      "payPerView": "Tollywood"
    },
    {
      "id": 8,
      "firstName": "Carlita",
      "lastName": "Izzard",
      "age": 39,
      "contactNumber": 9811954268,
      "infants": false,
      "wheelChair": false,
      "PNR": "PQ005XY08",
      "seatNo": "D6",
      "Image": "https://randomuser.me/api/portraits/women/49.jpg",
      "luggage": "25kg",
      "payPerView": "Hollywood"
    }
  ],
  "users": [
    {
      "email": "planyourtrip01@gmail.com",
      "isAdmin": true
    }
  ]
}